Metodo,TamTabela,TamDados,TempoInsercao(ms),TempoBusca(ms),Colisoes,Lista1,Lista2,Lista3,GapMin,GapMax,GapMedia
Encadeamento,1000003,10000,0.164159,0.022552,43,2,2,2,1,999,100
LinearProbing,1000003,10000,0.149962,0.017202,43,0,0,0,1,999,100
DoubleHashing,1000003,10000,0.141336,0.027301,44,0,0,0,1,999,100
Encadeamento,1000003,100000,0.494530,0.212960,5003,4,4,4,1,110,10
LinearProbing,1000003,100000,0.577356,0.207510,5567,0,0,0,1,110,10
DoubleHashing,1000003,100000,0.561016,0.367120,5353,0,0,0,1,109,10
Encadeamento,1000003,1000000,11.037131,7.224039,499067,9,8,8,1,14,1
LinearProbing,1000003,1000000,662.049316,651.075378,302530120,0,0,0,1,6,1
DoubleHashing,1000003,1000000,60.120300,64.680496,11194249,0,0,0,1,1,1
