Metodo,TamTabela,TamDados,TempoInsercao(ms),TempoBusca(ms),Colisoes,Lista1,Lista2,Lista3,GapMin,GapMax,GapMedia
Encadeamento,10007,10000,0.663107,0.456078,5048,6,6,6,1,11,1
LinearProbing,10007,10000,1.867393,1.482048,420117,0,0,0,1,4,1
DoubleHashing,10007,10000,0.639423,0.616630,66184,0,0,0,1,1,1
Encadeamento,10007,100000,2.867674,2.850552,499602,26,24,24,0,0,0
LinearProbing,10007,100000,1839.601685,1838.271240,900962580,0,0,0,0,0,0
DoubleHashing,10007,100000,2030.093384,2037.739380,900637826,0,0,0,0,0,0
Encadeamento,10007,1000000,475.915009,479.770630,49972599,141,139,138,0,0,0
LinearProbing,10007,1000000,20124.259766,20122.208984,9907632507,0,0,0,0,0,0
DoubleHashing,10007,1000000,22109.380859,21982.962891,9906945556,0,0,0,0,0,0
